[
  
    {
      "title"    : "Cara Analisa Bisnis",
      "category" : "",
      "tags"     : "",
      "url"      : "//bisnis/2025/04/Cara-Analisa-Bisnis",
      "date"     : "2025-04-12 00:00:00 +0700"
    } ,
  
    {
      "title"    : "Zhyper AI Premium",
      "category" : "",
      "tags"     : "",
      "url"      : "//android/zhyper",
      "date"     : "2024-02-03 00:00:00 +0700"
    } ,
  
    {
      "title"    : "Best Static Generator website in 2024",
      "category" : "",
      "tags"     : "jekyll, hugo, eleventy",
      "url"      : "//static%20generator/2024/01/generator-static",
      "date"     : "2024-01-03 00:00:00 +0700"
    } ,
  
    {
      "title"    : "Upload File SourceForge Using SSH In Termux or Ubuntu",
      "category" : "",
      "tags"     : "sourceforge, ssh, sftp, sftp",
      "url"      : "//tutorial/2023/12/sourceforge-upload",
      "date"     : "2023-12-24 00:00:00 +0700"
    } ,
  
    {
      "title"    : "Lineage 15.1 Android 8.1 Oreo Asus Zenfone Max Pro M1 (X00T)",
      "category" : "",
      "tags"     : "magisk, gapps, ksu, custom gapps, myproject",
      "url"      : "//rom/2023/12/lineage15-X00T",
      "date"     : "2023-12-24 00:00:00 +0700"
    } ,
  
    {
      "title"    : "LiteGapps Best Custom Gapps Android",
      "category" : "",
      "tags"     : "magisk, gapps, ksu, custom gapps, myproject",
      "url"      : "//gapps/2023/12/litegapps",
      "date"     : "2023-12-23 00:00:00 +0700"
    } ,
  
    {
      "title"    : "Cyanogenmod 12.1 Android 5.1 Lolipop Redmi Note 3 pro (kenzo)",
      "category" : "",
      "tags"     : "magisk, gapps, ksu, custom gapps, myproject",
      "url"      : "//rom/2023/12/cyanogen-mod-kenzo",
      "date"     : "2023-12-22 00:00:00 +0700"
    } ,
  
    {
      "title"    : "Jancox Tool Unpack/repack Rom Android",
      "category" : "",
      "tags"     : "",
      "url"      : "//tools/jancox-tool",
      "date"     : "2022-06-03 00:00:00 +0700"
    } ,
  
    {
      "title"    : "Pingger Stable Module For Optimizing ping game ",
      "category" : "",
      "tags"     : "",
      "url"      : "//android/pingger",
      "date"     : "2022-04-03 00:00:00 +0700"
    } ,
  
    {
      "title"    : "StockromMod Asus Zenfone Max Pro M2 (X01BD)",
      "category" : "",
      "tags"     : "",
      "url"      : "//android/2022/01/06/Stockrommod-Asus-Zenfone-Max-M2.html",
      "date"     : "2022-01-06 00:00:00 +0700"
    } ,
  
    {
      "title"    : "StockromMod Asus Zenfone Max Pro M1 (X00T)",
      "category" : "",
      "tags"     : "",
      "url"      : "//android/2022/01/04/Stockrommod-Asus-Zenfone-Max-M1.html",
      "date"     : "2022-01-04 00:00:00 +0700"
    } ,
  
    {
      "title"    : "Firmware Only Asus Zenfone Max Pro M2 (X01BD)",
      "category" : "",
      "tags"     : "",
      "url"      : "//android/2021/12/16/Firmware_Only_X01BD.html",
      "date"     : "2021-12-16 23:32:07 +0700"
    } ,
  
    {
      "title"    : "Firmware Only Asus Zenfone Max Pro M1 (X00T)",
      "category" : "",
      "tags"     : "",
      "url"      : "//android/2021/12/12/Firmware_Only_X00T.html",
      "date"     : "2021-12-12 00:00:00 +0700"
    } ,
  
    {
      "title"    : "What is wahyu6070 ?",
      "category" : "",
      "tags"     : "",
      "url"      : "//personal/2021/11/what-is-wahyu6070",
      "date"     : "2021-11-07 17:02:07 +0700"
    } 
  
]

